{"cameraMode":{"drawMode":0,"name":"Shaded","section":"Shading Mode"},"sceneLighting":true,"audioPlay":false,"sceneViewState":{"showFog":true,"showMaterialUpdate":true,"showSkybox":true,"showFlares":true,"showImageEffects":true,"showParticleSystems":true},"in2DMode":false,"pivot":{"x":-11.89766788482666,"y":-8.600276947021485,"z":-8.500144004821778},"rotation":{"x":0.2713017761707306,"y":-0.617377519607544,"z":0.2398114651441574,"w":0.6984384655952454},"size":19.48321533203125,"orthographic":false}