{"cameraMode":{"drawMode":0,"name":"Shaded","section":"Shading Mode"},"sceneLighting":true,"audioPlay":false,"sceneViewState":{"showFog":true,"showMaterialUpdate":true,"showSkybox":true,"showFlares":true,"showImageEffects":true,"showParticleSystems":true},"in2DMode":false,"pivot":{"x":85.7705078125,"y":263.72265625,"z":12.0625},"rotation":{"x":0.03149466589093208,"y":0.0029984840657562019,"z":-0.00009448489436181262,"w":0.9994997382164002},"size":171.994873046875,"orthographic":true}