{"cameraMode":{"drawMode":0,"name":"Shaded","section":"Shading Mode"},"sceneLighting":true,"audioPlay":false,"sceneViewState":{"showFog":true,"showMaterialUpdate":true,"showSkybox":true,"showFlares":true,"showImageEffects":true,"showParticleSystems":true},"in2DMode":false,"pivot":{"x":11.478677749633789,"y":-13.213444709777832,"z":-15.326265335083008},"rotation":{"x":-0.19480633735656739,"y":-0.7355075478553772,"z":0.23724520206451417,"w":-0.6040589213371277},"size":30.256839752197267,"orthographic":false}